{
  "Barbarian":[1,1,3,3,5,6,7],
  "Barbarian_image_type":"png",
  "Archer":[1,1,3,3,5,6,7],
  "Archer_image_type":"png",
  "Goblin":[1,1,3,3,5,6],
  "Goblin_image_type":"png",
  "Giant":[1,1,3,3,5,6,7],
  "Giant_image_type":"png",
  "Wall Breaker":[1,1,3,3,5,6],
  "Wall Breaker_image_type":"png",
  "Balloon":[1,1,3,3,5,6],
  "Balloon_image_type":"png",
  "Wizard":[1,1,3,3,5,6],
  "Wizard_image_type":"png",
  "Healer":[1,1,3,3],
  "Healer_image_type":"png",
  "Dragon":[1,2,3,4,5],
  "Dragon_image_type":"png",
  "P.E.K.K.A":[1,2,3,4,5],
  "P.E.K.K.A_image_type":"png",
  "Minion":[1,1,3,3,5,6],
  "Minion_image_type":"png",
  "Hog Rider":[1,1,3,3,5],
  "Hog Rider_image_type":"png",
  "Valkyrie":[1,1,3,3],
  "Valkyrie_image_type":"png",
  "Golem":[1,1,3,3,5],
  "Golem_image_type":"png",
  "Golemite":[1,1,3,3,5],
  "Golemite_image_type":"png",
  "Witch":[1,1],
  "Witch_image_type":"png",
  "Skeleton":[1],
  "Skeleton_image_type":"png",
  "Lava Hound":[1,1,3],
  "Lava Hound_image_type":"png",
  "Lava Pup":[1],
  "Lava Pup_image_type":"png",
  "Barbarian King":[1,1,1,1,1,1,1,1,1,10,10,10,10,10,10,10,10,10,10,20,20,20,20,20,20,20,20,20,20,20,20,20,20,20,20,20,20,20,20,20],
  "Barbarian King_image_type":"png",
  "Archer Queen":[1,1,1,1,1,1,1,1,1,10,10,10,10,10,10,10,10,10,10,20,20,20,20,20,20,20,20,20,20,20,20,20,20,20,20,20,20,20,20,20],
  "Archer Queen_image_type":"png",
  "Bomb":[1,1,3,3,5,5],
  "Bomb_image_type":"png",
  "Giant Bomb":[1,1,3,3],
  "Giant Bomb_image_type":"png",
  "Air Bomb":[1,1,3,3],
  "Air Bomb_image_type":"png",
  "Seeking Air Mine":[1,1,3],
  "Seeking Air Mine_image_type":"png",
  "Skeleton Trap":[1,1,3],
  "Skeleton Trap_image_type":"png",
  "Cannon":[1,2,3,4,5,6,7,8,9,10,11,12,13],
  "Cannon_image_type":"png",
  "Archer Tower":[1,2,3,4,5,6,7,8,9,10,11,12,13],
  "Archer Tower_image_type":"png",
  "Mortar":[1,2,3,4,5,6,7,8],
  "Mortar_image_type":"png",
  "Air Defense":[1,2,3,4,5,6,7,8],
  "Air Defense_image_type":"png",
  "Wizard Tower":[1,2,3,4,5,6,7,8],
  "Wizard Tower_image_type":"png",
  "Air Sweeper":[1,2,3,4,5,6],
  "Air Sweeper_image_type":"png",
  "Hidden Tesla":[1,2,3,4,5,6,7,8],
  "Hidden Tesla_image_type":"png",
  "X-Bow":[1,2,3,4],
  "X-Bow_image_type":"png",
  "Inferno Tower":[1,2,3],
  "Inferno Tower_image_type":"png",
  "Wall":[1,2,3,4,5,6,7,8,9,10,11],
  "Wall_image_type":"png",
  "Town Hall":[1,2,3,4,5,6,7,8,9,10],
  "Town Hall_image_type":"png",
  "Clan Castle":[1,2,3,4,5,6,7],
  "Clan Castle_image_type":"png",
  "Gold Mine":[1,2,3,4,5,6,7,8,9,10,11,12],
  "Gold Mine_image_type":"png",
  "Gold Storage":[1,2,3,4,5,6,7,8,9,10,11],
  "Gold Storage_image_type":"png",
  "Elixir Collector":[1,2,3,4,5,6,7,8,9,10,11,12],
  "Elixir Collector_image_type":"png",
  "Elixir Storage":[1,2,3,4,5,6,7,8,9,10,11],
  "Elixir Storage_image_type":"png",
  "Dark Elixir Drill":[1,2,3,4,5,6],
  "Dark Elixir Drill_image_type":"png",
  "Dark Elixir Storage":[1,2,3,4,5,6],
  "Dark Elixir Storage_image_type":"png",
  "Army Camp":[1,2,3,4,5,6,7,8],
  "Army Camp_image_type":"png",
  "Barracks":[1,2,3,4,5,6,7,8,9,10],
  "Barracks_image_type":"png",
  "Dark Barracks":[1,2,3,4,5,6],
  "Dark Barracks_image_type":"png",
  "Laboratory":[1,2,3,4,5,6,7,8],
  "Laboratory_image_type":"png",
  "Spell Factory":[1,2,3,4,5],
  "Spell Factory_image_type":"png",
  "Dark Spell Factory":[1,2,3],
  "Dark Spell Factory_image_type":"png"
}