{
  "upgrade_images":{
    "Barbarian":{
      "levels":[1,1,3,3,5,6,7],
      "image_type":"png"
    },
    "Archer":{
      "levels":[1,1,3,3,5,6,7],
      "image_type":"png"
    },
    "Goblin":{
      "levels":[1,1,3,3,5,6],
      "image_type":"png"
    },
    "Giant":{
      "levels":[1,1,3,3,5,6,7],
      "image_type":"png"
    },
    "Wall Breaker":{
      "levels":[1,1,3,3,5,6],
      "image_type":"png"
    },
    "Balloon":{
      "levels":[1,1,3,3,5,6],
      "image_type":"png"
    },
    "Wizard":{
      "levels":[1,1,3,3,5,6],
      "image_type":"png"
    },
    "Healer":{
      "levels":[1,1,3,3],
      "image_type":"png"
    },
    "Dragon":{
      "levels":[1,2,3,4,5],
      "image_type":"png"
    },
    "P.E.K.K.A":{
      "levels":[1,2,3,4,5],
      "image_type":"png"
    },
    "Minion":{
      "levels":[1,1,3,3,5,6],
      "image_type":"png"
    },
    "Hog Rider":{
      "levels":[1,1,3,3,5],
      "image_type":"png"
    },
    "Valkyrie":{
      "levels":[1,1,3,3],
      "image_type":"png"
    },
    "Golem":{
      "levels":[1,1,3,3,5],
      "image_type":"png"
    },
    "Golemite":{
      "levels":[1,1,3,3,5],
      "image_type":"png"
    },
    "Witch":{
      "levels":[1,1],
      "image_type":"png"
    },
    "Skeleton":{
      "levels":[1],
      "image_type":"png"
    },
    "Lava Hound":{
      "levels":[1,1,3],
      "image_type":"png"
    },
    "Lava Pup":{
      "levels":[1],
      "image_type":"png"
    },
    "Barbarian King":{
      "levels":[1,1,1,1,1,1,1,1,1,10,10,10,10,10,10,10,10,10,10,20,20,20,20,20,20,20,20,20,20,20,20,20,20,20,20,20,20,20,20,20],
      "image_type":"png"
    },
    "Archer Queen":{
      "levels":[1,1,1,1,1,1,1,1,1,10,10,10,10,10,10,10,10,10,10,20,20,20,20,20,20,20,20,20,20,20,20,20,20,20,20,20,20,20,20,20],
      "image_type":"png"
    },
    "Bomb":{
      "levels":[1,1,3,3,5,5],
      "image_type":"png"
    },
    "Giant Bomb":{
      "levels":[1,1,3,3],
      "image_type":"png"
    },
    "Air Bomb":{
      "levels":[1,1,3,3],
      "image_type":"png"
    },
    "Seeking Air Mine":{
      "levels":[1,1,3],
      "image_type":"png"
    },
    "Skeleton Trap":{
      "levels":[1,1,3],
      "image_type":"png"
    },
    "Cannon":{
      "levels":[1,2,3,4,5,6,7,8,9,10,11,12,13],
      "image_type":"png"
    },
    "Archer Tower":{
      "levels":[1,2,3,4,5,6,7,8,9,10,11,12,13],
      "image_type":"png"
    },
    "Mortar":{
      "levels":[1,2,3,4,5,6,7,8],
      "image_type":"png"
    },
    "Air Defense":{
      "levels":[1,2,3,4,5,6,7,8],
      "image_type":"png"
    },
    "Wizard Tower":{
      "levels":[1,2,3,4,5,6,7,8],
      "image_type":"png"
    },
    "Air Sweeper":{
      "levels":[1,2,3,4,5,6],
      "image_type":"png"
    },
    "Hidden Tesla":{
      "levels":[1,2,3,4,5,6,7,8],
      "image_type":"png"
    },
    "X-Bow":{
      "levels":[1,2,3,4],
      "image_type":"png"
    },
    "Inferno Tower":{
      "levels":[1,2,3],
      "image_type":"png"
    },
    "Wall":{
      "levels":[1,2,3,4,5,6,7,8,9,10,11],
      "image_type":"png"
    },
    "Town Hall":{
      "levels":[1,2,3,4,5,6,7,8,9,10],
      "image_type":"png"
    },
    "Clan Castle":{
      "levels":[1,2,3,4,5,6,7],
      "image_type":"png"
    },
    "Gold Mine":{
      "levels":[1,2,3,4,5,6,7,8,9,10,11,12],
      "image_type":"png"
    },
    "Gold Storage":{
      "levels":[1,2,3,4,5,6,7,8,9,10,11],
      "image_type":"png"
    },
    "Elixir Collector":{
      "levels":[1,2,3,4,5,6,7,8,9,10,11,12],
      "image_type":"png"
    },
    "Elixir Storage":{
      "levels":[1,2,3,4,5,6,7,8,9,10,11],
      "image_type":"png"
    },
    "Dark Elixir Drill":{
      "levels":[1,2,3,4,5,6],
      "image_type":"png"
    },
    "Dark Elixir Storage":{
      "levels":[1,2,3,4,5,6],
      "image_type":"png"
    },
    "Army Camp":{
      "levels":[1,2,3,4,5,6,7,8],
      "image_type":"png"
    },
    "Barracks":{
      "levels":[1,2,3,4,5,6,7,8,9,10],
      "image_type":"png"
    },
    "Dark Barracks":{
      "levels":[1,2,3,4,5,6],
      "image_type":"png"
    },
    "Laboratory":{
      "levels":[1,2,3,4,5,6,7,8],
      "image_type":"png"
    },
    "Spell Factory":{
      "levels":[1,2,3,4,5],
      "image_type":"png"
    },
    "Dark Spell Factory":{
      "levels":[1,2,3],
      "image_type":"png"
    }
  }
}